<?xml version="1.0" encoding="UTF-8"?>
<plist version="1.1">
   <dict>
      <elem>
         <key>Category</key>
         <string></string>
      </elem>
      <elem>
         <key>Description</key>
         <string></string>
      </elem>
      <elem>
         <key>FmeBuildNum</key>
         <string>21631</string>
      </elem>
      <elem>
         <key>History</key>
         <string></string>
      </elem>
      <elem>
         <key>Items</key>
         <array>
            <dict>
               <elem>
                  <key>Name</key>
                  <string>json2none.fmw</string>
               </elem>
               <elem>
                  <key>Role</key>
                  <string>Primary</string>
               </elem>
               <elem>
                  <key>Title</key>
                  <string>NONE to NONE</string>
               </elem>
            </dict>
            <dict>
               <elem>
                  <key>Name</key>
                  <string>5c16c81401</string>
               </elem>
               <elem>
                  <key>Path</key>
                  <string>5c16c81401.json</string>
               </elem>
            </dict>
         </array>
      </elem>
      <elem>
         <key>LastSaveBuild</key>
         <string>FME(R) 2021.1.3.0 (20211002 - Build 21631 - WIN64)</string>
      </elem>
      <elem>
         <key>LastSaveDate</key>
         <string>2021-12-02T09:51:02</string>
      </elem>
      <elem>
         <key>Name</key>
         <string>json2none.fmwt</string>
      </elem>
      <elem>
         <key>OriginalFiles</key>
         <array>
            <string>5c16c81401.json</string>
         </array>
      </elem>
      <elem>
         <key>PrimaryDocument</key>
         <string>json2none.fmw</string>
      </elem>
      <elem>
         <key>Title</key>
         <string>NONE to NONE</string>
      </elem>
      <elem>
         <key>Usage</key>
         <string></string>
      </elem>
      <elem>
         <key>UseMarkdown</key>
         <string></string>
      </elem>
   </dict>
</plist>
